"id","item_sequence","item_name","item_eng_name","item_permit_date","product_standard_code","special_general_type","product_type","product_permission_no","ingredient_name","ingredient_cnt","big_product_img_url","permit_kind_code","cancel_date","cancel_status","entp_no","edi_code","enterprise_name"
"68ac457f153e5f74aed83367","196800036","판콜에이내복액","PANCOLD-A Solutions","19680827","196800036","일반의약품","[01140]해열.진통.소염제","106","Acetaminophen/Anhydrous Caffeine/Chlorpheniramine Maleate/Guaifenesin/Pentoxyverine Citrate/Phenylephrine Hydrochloride","6","","신고",NULL,"정상","1331",NULL,"동화약품(주)"
"68ac457f153e5f74aed8338a","197100073","벤나민정(벤지다민염산염)(수출용)","Benamin Tab. 25mg(for export)","19710407","197100073","전문의약품","[01140]해열.진통.소염제","47","Benzydamine Hydrochloride","1","https://nedrug.mfds.go.kr/pbp/cmn/itemImageDownload/147427433492100007","신고",NULL,"정상","1386",NULL,"(주)에이프로젠바이오로직스"
"68ac457f153e5f74aed83333","195500005","중외5%포도당생리식염액(수출명:5%DextroseinnormalsalineInj.)","Choongwae 5% Dextrose In Normal Saline Inj.","19550412","195500005","전문의약품","[03310]혈액대용제","792","Glucose/Sodium Chloride","2","","신고",NULL,"정상","1302","644902212,644902220","제이더블유중외제약(주)"
"68ac457f153e5f74aed83334","195500006","중외5%포도당주사액","JW 5% Dextrose Injection","19550413","195500006","전문의약품","[03230]당류제","192","Glucose","1","","신고",NULL,"정상","1302","644902232,644902233,644902241,644902243,644902252,644902262,644902272","제이더블유중외제약(주)"
"68ac457f153e5f74aed83335","195600004","중외20%포도당주사액","JW Glucose Injection 20%","19561129","195600004","전문의약품","[03230]당류제","5020","Glucose","1","","신고",NULL,"정상","1302","644902021,644902042","제이더블유중외제약(주)"
"68ac457f153e5f74aed83336","195600006","중외50%포도당주사액","JW 50% Dextrose Injection","19561128","195600006","전문의약품","[03230]당류제","138","Glucose","1","","신고",NULL,"정상","1302","644902282,644902292,644914991","제이더블유중외제약(주)"
"68ac457f153e5f74aed83337","195700004","대한포도당주사액(10%)","Dai Han Dextrose Injection(10%)","19570614","195700004","전문의약품","[03230]당류제","29","Glucose","1","","신고",NULL,"정상","1303","645100922,645100932","대한약품공업(주)"
"68ac457f153e5f74aed83338","195700007","대한멸균증류수(주사용수)","Dai Han Sterile Water for Injection","19570611","195700007","전문의약품","[07130]용해제","13","Water For Injection","1","","신고",NULL,"정상","1303","645100631,645100632,645100643","대한약품공업(주)"
"68ac457f153e5f74aed83339","195700008","대한포도당주사액(20%)","Dai Han Dextrose Injection(20%)","19570614","195700008","전문의약품","[03230]당류제","64","Glucose","1","","신고",NULL,"정상","1303","645100954","대한약품공업(주)"
"68ac457f153e5f74aed8333a","195700009","대한멸균생리식염수(생리식염주사액)","Dai Han Sterile Normal Saline Injection","19570824","195700009","전문의약품","[03310]혈액대용제","112","Sodium Chloride","1","","신고",NULL,"정상","1303","645100561,645100562,645100563,645100571,645100572,645100581,645100582,645100591,645100601,645100611,645100621,645100622,645100623,645103821","대한약품공업(주)"
"68ac457f153e5f74aed8333b","195700010","대한포도당주사액(5%)","Dai Han Dextrose Injection(5%)","19570614","195700010","전문의약품","[03230]당류제","115","Glucose","1","","신고",NULL,"정상","1303","645100961,645100962,645100971,645100972,645100973,645100981,645100982,645100991,645100992,645101001,645101002,645104551","대한약품공업(주)"
"68ac457f153e5f74aed8333c","195700013","제일에페드린염산염주사액4%","Ephedrine HCl Injection 4% jeil","19570426","195700013","전문의약품","[02220]진해거담제","117","Ephedrine Hydrochloride","1","","신고",NULL,"정상","1333","650500461","(주)제일제약"
"68ac457f153e5f74aed8333d","195700014","제일포도당주사액","Dextrose Injection Jeil","19570429","195700014","전문의약품","[03230]당류제","110","Glucose","1","","신고",NULL,"정상","1333","650500861","(주)제일제약"
"68ac457f153e5f74aed8333e","195700015","안나카주사액20%(제일벤조산나트륨카페인주)(수출용)","Annaka Injection 20% (Caffeine And Sodium Benzoate)","19570427","195700015","전문의약품","[02110]강심제","109","Caffeine·Sodium Benzoate","1","","신고",NULL,"정상","1333",NULL,"(주)제일제약"
"68ac457f153e5f74aed8333f","195700016","안나카주사액10%(제일벤조산나트륨카페인주)(수출용)","Annaka Injection 10% (Caffeine And Sodium Benzoate)","19570427","195700016","전문의약품","[02110]강심제","119","Caffeine·Sodium Benzoate","1","","신고",NULL,"정상","1333",NULL,"(주)제일제약"
"68ac457f153e5f74aed83340","195700020","활명수","WHAL MYUNG SU","19570131","195700020","일반의약품","[02330]건위소화제","73","Atractylodes Rhizome/Capsicum Tincture/Cinnamon Bark/Citrus Unshiu Peel/Clove/Corydalis Tuber/Gambir/Ginger/L-Menthol/Magnolia Bark/Nutmeg","11","","신고",NULL,"정상","1331",NULL,"동화약품(주)"
"68ac457f153e5f74aed83341","195800018","대원염산에페드린주사액[수출명:에린주사(에페드린염산염)(ErineInj.)]","Ephedrine HCl Inj. Daewon","19581207","195800018","전문의약품","[02220]진해거담제","106","Ephedrine Hydrochloride","1","","신고",NULL,"정상","1373","671800731","대원제약(주)"
"68ac4666153e5f74aed8c311","195800019","대원아미노필린주사액(아미노필린수화물)","Daewon Aminophylline Inj.","19581208","195800019","전문의약품","[02110]강심제","114","Aminophylline Hydrate","1","","신고","20240604","취하","1373","671800521","대원제약(주)"
"68ac457f153e5f74aed83342","195800020","마구내신주사액<황산마그네슘수화물>","Magnesin Inj.","19581208","195800020","전문의약품","[01240]진경제","179","Magnesium Sulfate Hydrate","1","","신고",NULL,"정상","1373","671801531","대원제약(주)"
"68ac4662153e5f74aed8c01f","195900009","비오베이비(수출용)","Biobaby(for export)","19590730","195900009","일반의약품","[02370]정장제","116","Ascorbic Acid/Bacillus Subtilis/Clostridium Butyricum/Dibasic Calcium Phosphate Hydrate/Dried Yeast/Lactobacillus Sporogenes/Nicotinamide/Riboflavin/Thiamine Nitrate","9","","신고","20231129","취하","1293",NULL,"일동제약(주)"
"68ac457f153e5f74aed83343","195900034","신신티눈고(살리실산반창고)(수출명:SINSINCORNPLASTER)","Sinsin Corn Plaster","19591201","195900034","일반의약품","[02660]피부연화제(부식제를 포함)","74","Salicylic Acid","1","","신고",NULL,"정상","1332",NULL,"신신제약(주)"
"68ac457f153e5f74aed83344","195900043","아네모정","Anemo Tab.","19590113","195900043","일반의약품","[02340]제산제","8","Dried Aluminium Hydroxide Gel/Magnesium Carbonate/Precipitated Calcium Carbonate/Scopolia Extract Powder 10%/Sodium Bicarbonate","5","https://nedrug.mfds.go.kr/pbp/cmn/itemImageDownload/152035092098000085","신고",NULL,"정상","1324",NULL,"삼진제약(주)"
"68ac457f153e5f74aed83345","195900045","자모","Jamo","19590420","195900045","일반의약품","[02220]진해거담제","5215","Ephedra Herb/Ginseng/Guaifenesin/Platycodon Root/Polygala Root","5","","신고",NULL,"정상","1311",NULL,"정우신약(주)"
"68ac469d153e5f74aed8ee18","195900051","안중환",NULL,"19591211","195900051","일반의약품","[02330]건위소화제","2","Amomum Fruit/Atractylodes Rhizome/Citrii Unshiu Immaturi Pericarpium/Citrus Unshiu Peel/Coptis Rhizome/Ginseng/Hawthorn Fruit/Hordei Fructus Germinatus/Licorice/Magnolia Bark/Massa Medicata Fermentata/Poria/Pueraria Root/Raphani Semen/Uncariae Ramulus cum Uncus","15","","허가","20250701","유효기간만료","1385",NULL,"일심제약"
"68ac457f153e5f74aed83346","196000001","테라싸이클린캅셀250밀리그람(염산테트라싸이클린)","Teracyclin Cap.","19600614","196000001","전문의약품","[06150]주로 그람양성, 음성균, 리케치아, 비루스에 작용하는 것","172","Tetracycline Hydrochloride","1","https://nedrug.mfds.go.kr/pbp/cmn/itemImageDownload/154601161228500067","신고",NULL,"정상","1459","643303740","(주)종근당"
"68ac457f153e5f74aed83347","196000008","다이크로짇정(히드로클로로티아지드)","Dichlozid Tablet","19600420","196000008","전문의약품","[02130]이뇨제","740","Hydrochlorothiazide","1","https://nedrug.mfds.go.kr/pbp/cmn/itemImageDownload/1Orz9gcUHne","신고",NULL,"정상","1329","642100160","(주)유한양행"
"68ac457f153e5f74aed83348","196000010","페니라민주사(클로르페니라민말레산염)","Peniramin Injection","19600721","196000010","전문의약품","[01410]항히스타민제","45","Chlorpheniramine Maleate","1","","신고",NULL,"정상","1329","642102581","(주)유한양행"
"68ac457f153e5f74aed83349","196000011","페니라민정(클로르페니라민말레산염)","Peniramin Tablet","19601010","196000011","일반의약품","[01410]항히스타민제","5124","Chlorpheniramine Maleate","1","https://nedrug.mfds.go.kr/pbp/cmn/itemImageDownload/1Orz9gcUHnw","신고",NULL,"정상","1329","642102570","(주)유한양행"
"68ac457f153e5f74aed8334a","196100002","종근당황산스트렙토마이신주(스트렙토마이신황산염)","C.K.D.Streptomycin Sulfate Inj.","19611228","196100002","전문의약품","[06130]주로 항산성균에 작용하는 것","84","Streptomycin Sulfate","1","","신고",NULL,"정상","1459","643303331","(주)종근당"
"68ac457f153e5f74aed8334b","196100007","중외주사용수","Choongwae Water for Injection","19610802","196100007","전문의약품","[07130]용해제","44","Water For Injection","1","","신고",NULL,"정상","1302","644903371,644903382","제이더블유중외제약(주)"
"68ac457f153e5f74aed8334c","196100008","중외생리식염주사액(수출명: 0.9% Sodium Chloride Inj.)","Choongwae Normal Saline Inj.","19610802","196100008","전문의약품","[03310]혈액대용제","139","Sodium Chloride","1","","신고",NULL,"정상","1302","644902691","제이더블유중외제약(주)"
"68ac457f153e5f74aed8334d","196200032","유한짓정100mg(이소니아지드)(군납명:이소니아지드정케이.피100밀리그람)","Yuhan-Zid Tablet 100mg","19620119","196200032","전문의약품","[06220]항결핵제","571","Isoniazid","1","https://nedrug.mfds.go.kr/pbp/cmn/itemImageDownload/1PSZlZaBRXe","신고",NULL,"정상","1329","642101930","(주)유한양행"
"68ac457f153e5f74aed8334e","196200034","삐콤정","Beecom Tablet","19620823","196200034","일반의약품","[03160]혼합비타민제(비타민AD 혼합제제를 제외)","572","Ascorbic Acid Granules 97%/Calcium Pantothenate/Cyanocobalamin Powder 1%/Nicotinamide/Pyridoxine Hydrochloride/Riboflavin/Thiamine Hydrochloride","7","https://nedrug.mfds.go.kr/pbp/cmn/itemImageDownload/153495248483300010","신고",NULL,"정상","1329",NULL,"(주)유한양행"
"68ac457f153e5f74aed8334f","196300001","디고신정(디곡신)","Digosin Tab.","19630516","196300001","전문의약품","[02110]강심제","9","Digoxin","1","https://nedrug.mfds.go.kr/pbp/cmn/itemImageDownload/147427297681200019","신고",NULL,"정상","1452","640000090","에이치케이이노엔(주)"
"68ac457f153e5f74aed83350","196300011","스므스삼중정(수출용)",NULL,"19630812","196300011","일반의약품","[02330]건위소화제","54","Aurantii Pericarpium Oil/Cinnamon Bark Oil/Clove Oil/Crude Glycyrrhiza Extract/DL-Menthol/Dehydrocholic Acid/Diastase/Fennel Oil/Ginger Tincture/Poliase/Precipitated Calcium Carbonate/Scopolia Extract Powder/Sodium Bicarbonate","13","","허가",NULL,"정상","1288",NULL,"서울약품공업(주)"
"68ac457f153e5f74aed83351","196300025","옥시톤주사액5아이유(옥시토신)","Oxciton Injection","19631011","196300025","전문의약품","[02520]자궁수축제","12","Oxytocin","1","","신고",NULL,"정상","1329","642101271","(주)유한양행"
"68ac457f153e5f74aed83352","196300035","아주디곡신주사액","AJU DIGOXIN  INJ","19630827","196300035","전문의약품","[02110]강심제","67","Digoxin","1","","신고",NULL,"정상","1323","654000881","아주약품(주)"
"68ac465f153e5f74aed8bd66","196300043","덱사코티실정(덱사메타손)","Dexacotisil Tab.","19630802","196300043","전문의약품","[02450]부신호르몬제","185","Dexamethasone","1","","신고","20230421","취하","1421",NULL,"영진약품(주)"
"68ac457f153e5f74aed83353","196300064","부광덱사메타손정","Bukwang Dexamethasone Tablet","19630508","196300064","전문의약품","[02450]부신호르몬제","19","Dexamethasone","1","https://nedrug.mfds.go.kr/pbp/cmn/itemImageDownload/1NXA-1cMBXb","신고",NULL,"정상","1427","642200620","부광약품(주)"
"68ac4689153e5f74aed8de3f","196300084","광동경옥고","Kwangdong Kyeongokgo","19631015","196300084","일반의약품","[03290]기타의 자양강장변질제","1","Ginseng/Honey/Poria Powder/Rehmanniae Glutinosae Liboschitz var. Purpureae Makino","4","","신고",NULL,"정상","0150",NULL,"광동제약(주)"
"68ac457f153e5f74aed83354","196400020","하트만용액","Hartmann'S Injection","19640117","196400020","전문의약품","[03310]혈액대용제","40","Calcium Chloride Hydrate/Potassium Chloride/Sodium Chloride/Sodium Lactate Solution 50%","4","","신고",NULL,"정상","1302","644904482,644904491","제이더블유중외제약(주)"
"68ac457f153e5f74aed83355","196400036","라식스주사(푸로세미드)","Lasix Inj.","19640630","196400036","전문의약품","[02130]이뇨제","6","Furosemide","1","","신고",NULL,"정상","1374","652100211","(주)한독"
"68ac457f153e5f74aed83356","196400037","라식스정(푸로세미드)","Lasix Tab.","19640630","196400037","전문의약품","[02130]이뇨제","95","Furosemide","1","https://nedrug.mfds.go.kr/pbp/cmn/itemImageDownload/1OlTcytjZJY","허가",NULL,"정상","1374","652100200","(주)한독"
"68ac457f153e5f74aed83357","196400046","게루삼정","Gelusam Tab.","19640424","196400046","일반의약품","[02340]제산제","22","Dried Aluminium Hydroxide Gel/Magnesium Carbonate/Precipitated Calcium Carbonate/Sodium Bicarbonate","4","https://nedrug.mfds.go.kr/pbp/cmn/itemImageDownload/154307400984500104","신고",NULL,"정상","1307",NULL,"삼남제약(주)"
"68ac457f153e5f74aed83358","196400054","대원황산아트로핀주사액","Atropine Sulfate Inj. Daewon","19640303","196400054","전문의약품","[01240]진경제","112","Atropine Sulfate Hydrate","1","","신고",NULL,"정상","1373","671801141","대원제약(주)"
"68ac457f153e5f74aed8335e","196400089","보화소합원(대환,소환)","Bohwasohapwon","19641030","196400089","일반의약품","[02330]건위소화제","269","Amomum Fruit/Amomum Fruit/Amomum Tsao-ko Fruit/Amomum Tsao-ko Fruit/Atractylodes Rhizome/Atractylodes Rhizome/Bomeolum/Bomeolum/Chaenomelis Fructus/Chaenomelis Fructus/Cinnamon Bark/Cinnamon Bark/Citrus Unshiu Peel/Citrus Unshiu Peel/Cyperus Rhizome/Cyperus Rhizome/Hordei Fructus Germinatus/Hordei Fructus Germinatus/L-Menthol/L-Menthol/Licorice/Licorice/Magnolia Bark/Magnolia Bark/Massa Medicata Fermentata/Massa Medicata Fermentata/Patriniae Radix/Patriniae Radix/Piperis Longi Fructus/Piperis Longi Fructus/Pueraria Root/Pueraria Root/Santali Albi Lignum/Santali Albi Lignum/Santalini Lignum Rubrum/Santalini Lignum Rubrum","36","","신고",NULL,"정상","1450",NULL,"원광제약(주)"
"68ac4689153e5f74aed8de40","196400090","보화경옥고","Bohwa Kyungokko","19641029","196400090","일반의약품","[03290]기타의 자양강장변질제","276","Ginseng/Honey/Poria/Rehmanniae Glutinosae Liboschitz var. Purpureae Makino","4","","신고",NULL,"정상","1450",NULL,"원광제약(주)"
"68ac457f153e5f74aed83359","196400099","크로세린캡슐250밀리그램(시클로세린)(수출명 : Dong-A Cycloserine 250mg)","Closerin capsule 250mg (Cycloserine)","19641023","196400099","전문의약품","[06130]주로 항산성균에 작용하는 것","7","Cycloserine","1","https://nedrug.mfds.go.kr/pbp/cmn/itemImageDownload/147427311457100123","신고",NULL,"정상","1290","642503410","동아에스티(주)"
"68ac457f153e5f74aed8335a","196500004","후라시닐정(메트로니다졸)","Frasinyl Tab.","19650816","196500004","전문의약품","[06410]항원충제","160","Metronidazole","1","https://nedrug.mfds.go.kr/pbp/cmn/itemImageDownload/1OSm8xoWGcv","신고",NULL,"정상","1452","640002760","에이치케이이노엔(주)"
"68ac457f153e5f74aed8335b","196500051","지엘타이밍정(카페인무수물)","GL Timing Tab.","19651221","196500051","일반의약품","[01150]각성제,흥분제","2","Anhydrous Caffeine","1","https://nedrug.mfds.go.kr/pbp/cmn/itemImageDownload/1NAT_bwbZd9","허가",NULL,"정상","1475",NULL,"지엘파마(주)"
"68ac457f153e5f74aed8335c","196600011","베스타제정","Bestase Tab.","19660523","196600011","일반의약품","[02330]건위소화제","920","Biodiastase 500/Cellulase AP3/Lipase AP6","3","https://nedrug.mfds.go.kr/pbp/cmn/itemImageDownload/147427311457100131","신고",NULL,"정상","2606",NULL,"동아제약(주)"
"68ac457f153e5f74aed8335d","196600012","베스타제당의정","Bestase Sugar Coated Tab.","19660523","196600012","일반의약품","[02330]건위소화제","921","Biodiastase 500/Cellulase AP3/Lipase AP6","3","https://nedrug.mfds.go.kr/pbp/cmn/itemImageDownload/1MoApPycZgS","신고",NULL,"정상","2606",NULL,"동아제약(주)"
"68ac465e153e5f74aed8bc5d","196600018","유유아이나정(이소니코틴산히드라짓)","Yuyu aina tab. (Isoniazid)","19660315","196600018","전문의약품","[06220]항결핵제","451","Isoniazid","1","","신고","20230119","취하","1300",NULL,"(주)유유제약"
"68ac4689153e5f74aed8de41","196600062","용각산","Younggaksan Powder","19660919","196600062","일반의약품","[02220]진해거담제","31","Apricot Kernel/Glycyrrhiza Powder/Glycyrrhiza Powder/Platycodon Root Powder/Platycodon Root·Apricot Kernel Powder/Senega Powder/Senega Powder","7","","신고",NULL,"정상","1689",NULL,"(주)보령"
"68ac457f153e5f74aed8335f","196600063","원비디","Wonbi-D","19661212","196600063","일반의약품","[03290]기타의 자양강장변질제","216","Anhydrous Caffeine/Calcium Pantothenate/Ginseng Fluid Extract/Lycium Fruit Fluid Extract/Nicotinamide/Pyridoxine Hydrochloride/Riboflavin","7","","신고",NULL,"정상","1336",NULL,"일양약품(주)"
"68ac457f153e5f74aed83360","196700013","원투쓰리주사액","Choongwae One Two Three Inj.","19671110","196700013","전문의약품","[03310]혈액대용제","94","Glucose/Sodium Chloride/Sodium Lactate Solution 50%","3","","신고",NULL,"정상","1302","644903311","제이더블유중외제약(주)"
"68ac457f153e5f74aed83361","196700015","하트만덱스액","Hartmandex Solution Choongwae","19671109","196700015","전문의약품","[03310]혈액대용제","210","Calcium Chloride Hydrate/Glucose/Potassium Chloride/Sodium Chloride/Sodium Lactate Solution","5","","신고",NULL,"정상","1302","644904471,644911931","제이더블유중외제약(주)"
"68ac457f153e5f74aed83362","196700060","마이암부톨제피정400밀리그램(에탐부톨염산염)","Myambutol Tablet 400mg","19671002","196700060","전문의약품","[06220]항결핵제","563","Ethambutol Hydrochloride","1","https://nedrug.mfds.go.kr/pbp/cmn/itemImageDownload/147765859194400050","신고",NULL,"정상","1329","642100440","(주)유한양행"
"68ac457f153e5f74aed83363","196700061","에어신신파스","Air Sinsin Pas","19670719","196700061","일반의약품","[02640]진통.진양.수렴.소염제","87","D-Camphor/D-Camphor/Diphenhydramine/Diphenhydramine/Glycol Salicylate/Glycol Salicylate/L-Menthol/L-Menthol/Methyl Salicylate/Methyl Salicylate/Thymol/Thymol","12","","신고",NULL,"정상","1332",NULL,"신신제약(주)"
"68ac457f153e5f74aed83364","196800016","중외15%만니톨주사액","Choongwae 15% Mannitol Injection","19681104","196800016","전문의약품","[03230]당류제","60","D-Mannitol","1","","신고",NULL,"정상","1302","644901911,644913021,644913061","제이더블유중외제약(주)"
"68ac457f153e5f74aed83365","196800017","중외10%포도당주사액","Choongwae 10% Dextrose Injection","19681104","196800017","전문의약품","[03230]당류제","193","Glucose","1","","신고",NULL,"정상","1302","644901872,644901881","제이더블유중외제약(주)"
"68ac457f153e5f74aed83366","196800019","대한5%포도당가생리식염액","Dai Han 5% Dextrose And Isotonic Saline Inj.","19681204","196800019","전문의약품","[03310]혈액대용제","72","Glucose/Sodium Chloride","2","","신고",NULL,"정상","1303","645100242,645100252","대한약품공업(주)"
"68ac457f153e5f74aed83367","196800036","판콜에이내복액","PANCOLD-A Solutions","19680827","196800036","일반의약품","[01140]해열.진통.소염제","106","Acetaminophen/Anhydrous Caffeine/Chlorpheniramine Maleate/Guaifenesin/Pentoxyverine Citrate/Phenylephrine Hydrochloride","6","","신고",NULL,"정상","1331",NULL,"동화약품(주)"
"68ac466e153e5f74aed8c961","196900021","훌신포르데정(그리세오풀빈정)",NULL,"19690212","196900021","전문의약품","[06160]주로 곰팡이, 원충에 작용하는 것","72","Griseofulvin","1","","허가","20230101","유효기간만료","1288",NULL,"서울약품공업(주)"
"68ac457f153e5f74aed83368","196900027","비타민케이1주사액(피토나디온주사액)","Dai Han Vitamin-K1 Injection(Phytonadione)","19690311","196900027","전문의약품","[03150]비타민 E 및 K제","74","Phytonadione","1","","신고",NULL,"정상","1303","645101681","대한약품공업(주)"
"68ac457f153e5f74aed83369","196900028","대한아스코르브산주사액","Dai Han Ascorbic Acid Injection","19690311","196900028","전문의약품","[03140]비타민 C 및 P제","75","Ascorbic Acid","1","","신고",NULL,"정상","1303","645100733","대한약품공업(주)"
"68ac457f153e5f74aed8336a","196900031","대한에피네프린주사액","Dai Han Epinephrine Injection","19691023","196900031","전문의약품","[02450]부신호르몬제","81","Epinephrine","1","","신고",NULL,"정상","1303","645100741","대한약품공업(주)"
"68ac457f153e5f74aed8336b","196900033","대한아트로핀황산염주사액","Dai Han Atropine Sulfate Injection","19690528","196900033","전문의약품","[01240]진경제","47","Atropine Sulfate Hydrate","1","","신고",NULL,"정상","1303","645101113","대한약품공업(주)"
"68ac4669153e5f74aed8c571","196900042","후라베린큐시럽","Furaberin-Q Syrup","19690505","196900042","일반의약품","[02370]정장제","177","Berberine Tannate/Kaolin/Pectin","3","","신고","20250304","취하","1293",NULL,"일동제약(주)"
"68ac457f153e5f74aed8336c","196900058","코푸시럽에스","Cough Syrup -S","19691104","196900058","일반의약품","[02220]진해거담제","94","Ammonium Chloride/Chlorpheniramine Maleate/DL-Methylephedrine Hydrochloride/Dextromethorphan Hydrobromide Hydrate","4","","신고",NULL,"정상","1329",NULL,"(주)유한양행"
"68ac4689153e5f74aed8de42","196900068","보령기응환","Boryung Kieung Pill","19690307","196900068","일반의약품","[02390]기타의 소화기관용약","108","Aquilariae Lignum/Ginseng/Moschus/Ursi Fel","4","","신고",NULL,"정상","1689",NULL,"(주)보령"
"68ac469d153e5f74aed8ee4f","196900130","코푸시럽","Cough Syrup","19691224","196900130","전문의약품","[02220]진해거담제","1","Ammonium Chloride/Ammonium Chloride/Ammonium Chloride/Chlorpheniramine Maleate/Chlorpheniramine Maleate/Chlorpheniramine Maleate/DL-Methylephedrine Hydrochloride/DL-Methylephedrine Hydrochloride/DL-Methylephedrine Hydrochloride/Dihydrocodeine Tartrate/Dihydrocodeine Tartrate/Dihydrocodeine Tartrate","12","","허가",NULL,"정상","0129","642102281,642102282,642105881","(주)대웅제약"
"68ac469d153e5f74aed8ee50","196900131","코데날액","CODENAL  Solution","19691224","196900131","전문의약품","[02220]진해거담제","1","Chlorpheniramine Maleate/DL-Methylephedrine Hydrochloride/Dihydrocodeine Tartrate/Guaifenesin","4","","허가",NULL,"정상","0133","645701141,645701142","삼아제약(주)"
"68ac466a153e5f74aed8c5f0","197000005","앰씰린캡슐250밀리그램(암피실린수화물)","Amcillin Cap. 250mg","19700228","197000005","전문의약품","[06180]주로 그람양성, 음성균에 작용하는 것","81","Ampicillin Hydrate","1","https://nedrug.mfds.go.kr/pbp/cmn/itemImageDownload/152699874330700007","신고","20250402","취하","1459","643301840","(주)종근당"
"68ac457f153e5f74aed8336d","197000013","에스.디1-4주","S.D 1-4 Injection","19701030","197000013","전문의약품","[03310]혈액대용제","126","Glucose/Sodium Chloride","2","","신고",NULL,"정상","1302","644901522,644901530","제이더블유중외제약(주)"
"68ac457f153e5f74aed8336e","197000014","중외염화나트륨주사액(117mg/1ml)","Choongwae Sodium Chloride Injection (117mg/1Ml)","19701030","197000014","전문의약품","[03310]혈액대용제","19","Sodium Chloride","1","","신고",NULL,"정상","1302","644903222,644903231","제이더블유중외제약(주)"
"68ac457f153e5f74aed8336f","197000015","에스.디1-3주","S.D 1-3 Injection","19701030","197000015","전문의약품","[03310]혈액대용제","125","Glucose/Sodium Chloride","2","","신고",NULL,"정상","1302","644901501","제이더블유중외제약(주)"
"68ac457f153e5f74aed83370","197000016","에스.디1-2주","S.D 1-2 Injection","19701030","197000016","전문의약품","[03310]혈액대용제","124","Glucose/Sodium Chloride","2","","신고",NULL,"정상","1302","644901481","제이더블유중외제약(주)"
"68ac457f153e5f74aed83371","197000017","중외염화칼륨주사액(150㎎/㎖)","Kcl Injection (150mg/1Ml)Choongwae","19701030","197000017","전문의약품","[03310]혈액대용제","121","Potassium Chloride","1","","신고",NULL,"정상","1302","644903261,644903272","제이더블유중외제약(주)"
"68ac457f153e5f74aed83372","197000026","하트만액","Dai Han Hartmann's Solution","19700422","197000026","전문의약품","[03310]혈액대용제","26","Calcium Chloride Hydrate/Potassium Chloride/Sodium Chloride/Sodium Lactate Solution","4","","신고",NULL,"정상","1303","645102662,645102672","대한약품공업(주)"
"68ac457f153e5f74aed83373","197000037","아로나민골드정","Aronamin Gold Tablet","19700417","197000037","일반의약품","[03160]혼합비타민제(비타민AD 혼합제제를 제외)","98","Ascorbic Acid/Ascorbic Acid/Fursultiamine/Fursultiamine/Hydroxocobalamin Acetate/Hydroxocobalamin Acetate/Pyridoxal Phosphate Hydrate/Pyridoxal Phosphate Hydrate/Riboflavin Butyrate/Riboflavin Butyrate/Tocopherol Acetate Powder 50%/Tocopherol Acetate Powder 50%","12","https://nedrug.mfds.go.kr/pbp/cmn/itemImageDownload/154609810414600027","신고",NULL,"정상","1293",NULL,"일동제약(주)"
"68ac457f153e5f74aed83374","197000040","대웅우루사연질캡슐","URSA Soft Cap DaeWoong","19700514","197000040","일반의약품","[03910]간장질환용제","38","Riboflavin/Riboflavin/Riboflavin/Thiamine Nitrate/Thiamine Nitrate/Thiamine Nitrate/Ursodeoxycholic Acid/Ursodeoxycholic Acid/Ursodeoxycholic Acid","9","https://nedrug.mfds.go.kr/pbp/cmn/itemImageDownload/1PEPKBUcd74","신고",NULL,"정상","1289",NULL,"(주)대웅제약"
"68ac457f153e5f74aed83375","197000049","셉트린정","SEPTRIN Tab.","19700925","197000049","전문의약품","[06210]설화제","65","Sulfamethoxazole/Trimethoprim","2","https://nedrug.mfds.go.kr/pbp/cmn/itemImageDownload/151585804063400035","신고",NULL,"정상","1314","643900680","삼일제약(주)"
"68ac457f153e5f74aed83376","197000050","자이로릭정(알로푸리놀)","ZYLORIC Tab.","19700925","197000050","전문의약품","[03940]통풍치료제","69","Allopurinol","1","https://nedrug.mfds.go.kr/pbp/cmn/itemImageDownload/151317992996500014","신고",NULL,"정상","1314","643901390","삼일제약(주)"
"68ac465d153e5f74aed8bb77","197000052","셉트린시럽","Septrin Syrup","19700925","197000052","전문의약품","[06210]설화제","600","Sulfamethoxazole/Sulfamethoxazole/Trimethoprim/Trimethoprim","4","","신고","20220914","취하","1314",NULL,"삼일제약(주)"
"68ac457f153e5f74aed83377","197000053","액티피드정","ACTIFED Tab.","19700925","197000053","일반의약품","[01410]항히스타민제","86","Pseudoephedrine Hydrochloride/Triprolidine Hydrochloride Hydrate","2","https://nedrug.mfds.go.kr/pbp/cmn/itemImageDownload/151369816808500002","신고",NULL,"정상","1314",NULL,"삼일제약(주)"
"68ac457f153e5f74aed83378","197000068","다오닐정(글리벤클라미드)","Daonil Tab.","19700601","197000068","전문의약품","[03960]당뇨병용제","46","Glibenclamide","1","https://nedrug.mfds.go.kr/pbp/cmn/itemImageDownload/1OlTcytjZJG","신고",NULL,"정상","1374","652100130","(주)한독"
"68ac457f153e5f74aed83379","197000073","투수크친시럽(수출용)","Tusscochin Syrup(for export)","19700128","197000073","일반의약품","[02220]진해거담제","98","Chlorpheniramine Maleate/DL-Methylephedrine Hydrochloride/Noscapine Hydrochloride/Potassium Guaiacolsulfonate","4","","허가",NULL,"정상","1362",NULL,"안국약품(주)"
"68ac4665153e5f74aed8c2a8","197000074","노루모내복액(수출용)","Norumo Oral Liquid","19700416","197000074","일반의약품","[02340]제산제","308","Eugenol/Glycine/L-Menthol/Sodium Bicarbonate","4","","신고","20240503","취하","1336",NULL,"일양약품(주)"
"68ac457f153e5f74aed8337a","197000076","보나링에이정(디멘히드리네이트)","Bonaling-A Tab.","19700416","197000076","일반의약품","[02350]최토제, 진토제","79","Dimenhydrinate","1","https://nedrug.mfds.go.kr/pbp/cmn/itemImageDownload/1P2JYwFs9gg","신고",NULL,"정상","1336","641700560","일양약품(주)"
"68ac457f153e5f74aed8337b","197000079","에나폰정10밀리그램(아미트리프틸린염산염)","Enafon Tab. 10mg","19700220","197000079","전문의약품","[01170]정신신경용제","81","Amitriptyline Hydrochloride","1","https://nedrug.mfds.go.kr/pbp/cmn/itemImageDownload/1Mxwka5v4t-","신고",NULL,"정상","1351","657200500","환인제약(주)"
"68ac457f153e5f74aed8337c","197000102","대원아미노필린정(아미노필린수화물)","Aminophylline Tab. 100mg Daewon","19700211","197000102","전문의약품","[02110]강심제","68","Aminophylline Hydrate","1","https://nedrug.mfds.go.kr/pbp/cmn/itemImageDownload/147427516880800107","신고",NULL,"정상","1373","671800510","대원제약(주)"
"68ac457f153e5f74aed8337d","197000104","부광페니토인캡슐100밀리그램","Bukwang Phenytoin Capsule 100mg","19700206","197000104","전문의약품","[01130]항전간제","122","Phenytoin","1","https://nedrug.mfds.go.kr/pbp/cmn/itemImageDownload/1NXA-1cMBXx","신고",NULL,"정상","1427","642201070","부광약품(주)"
"68ac4683153e5f74aed8da3c","197000114","에스케이알부민5%주(사람혈청알부민)(수출명:Solbumin5%,Albumin5%,SKAlbumin5%inj)","Sk Albumin Injection 5%","19701029","197000114","전문의약품","[06340]혈액제제류","1","Human Normal Serum Albumin","1","","허가",NULL,"정상","352","050800151","에스케이플라즈마(주)"
"68ac457f153e5f74aed8337e","197000190","휴온스포도당주사액(20%)(수출명:광명포도당주사액20%)","Dextrose Huons Inj. 20%","19700110","197000190","전문의약품","[03230]당류제","114","Glucose","1","","신고",NULL,"정상","1683",NULL,"(주)휴온스"
"68ac457f153e5f74aed8337f","197000191","휴온스3%염화칼슘주사액(수출용)","CACL 3% Huons Inj. (for export)","19700110","197000191","전문의약품","[03210]칼슘제","115","Calcium Chloride Hydrate","1","","신고",NULL,"정상","1683",NULL,"(주)휴온스"
"68ac457f153e5f74aed83380","197000192","생리식염주사액(수출명:KWANGMYUNGSODIUMCHLORIDEINJ.0.9%)","Sodium Chloride Huons Inj. (KwangmyungSodiumChlorideInj.0.9%)","19700110","197000192","전문의약품","[03310]혈액대용제","116","Sodium Chloride/Sodium Chloride","2","","신고",NULL,"정상","1683","670601151","(주)휴온스"
"68ac4682153e5f74aed8d977","197000208","건위황정",NULL,"19700615","197000208","일반의약품","[02340]제산제","176","Phellodendron Bark Powder/Sodium Bicarbonate","2","https://nedrug.mfds.go.kr/pbp/cmn/itemImageDownload/147428268052300149","신고","20250701","유효기간만료","1957",NULL,"(주)넥스팜코리아"
"68ac469d153e5f74aed8ee51","197000212","하나페노바르비탈정","Hana Phenobarbital Tab. 30mg","19701211","197000212","전문의약품","[01120]최면진정제","1","Phenobarbital","1","https://nedrug.mfds.go.kr/pbp/cmn/itemImageDownload/148609538758400177","허가",NULL,"정상","0117","657802870","하나제약(주)"
"68ac469d153e5f74aed8ee52","197000215","코데농정","Dongkwang Codenong Tab. ","19700213","197000215","전문의약품","[02220]진해거담제","1","Anhydrous Caffeine/Chlorpheniramine Maleate/DL-Methylephedrine Hydrochloride/Dihydrocodeine Tartrate","4","https://nedrug.mfds.go.kr/pbp/cmn/itemImageDownload/147427677718300084","허가",NULL,"정상","149","645900990","동광제약(주)"
"68ac457f153e5f74aed83381","197100015","타치온정50밀리그램(글루타티온(환원형))","Tathion Tab. 50mg","19711123","197100015","일반의약품","[03920]해독제","235","Glutathione (Reduced)","1","https://nedrug.mfds.go.kr/pbp/cmn/itemImageDownload/1NOwp2F66kj","신고",NULL,"정상","2606",NULL,"동아제약(주)"
"68ac457f153e5f74aed83382","197100021","대한염화나트륨포도당주사액(1-2)","Dai Han Sodium Chloride And Dextrose Injecton (1-2)","19710914","197100021","전문의약품","[03310]혈액대용제","96","Glucose/Sodium Chloride","2","","신고",NULL,"정상","1303","645100832","대한약품공업(주)"
